monogram_id,labels_saranga,labels_ezechiel,labels_barry,quality_label,Remarks,Remarks2,split
4__5.2__538,2,M3,M2,2,,,test_medium_q2
11__5.47__5,2,M2,M2,2,,,test_medium_q2
12__5.45__762,1,M3,M2,2,clash,"perhaps if entire letters are absent, 2 is better",test_medium_q2
14__5.6__665,2,M2,M3,2,,,test_medium_q2
15__5.7__56,2,M2,M2,2,,,test_medium_q2
17__5.9__319,2,M2,M1,2,,,test_medium_q2
18__5.12__753,2,M2,M3,2,,,test_medium_q2
19__2.5__712,1,M3,M2,2,Why M3 eze?,"perhaps if entire letters are absent, 2 is better",test_medium_q2
22__5.14__571,2,M1,M2,2,,,test_medium_q2
28__4.39__329,2,M2,M2,2,,,test_medium_q2
30__5.28__691,2,M3,M2,2,,,test_medium_q2
32__5.30-31__623,1,M2,M2,2,,,test_medium_q2
33__5.35__12,2,M1,M2,2,,,test_medium_q2
36__5.39__659,2,M1,M3,2,clash,,test_medium_q2
38__5.41__130,2,M2,M3,2,,,test_medium_q2
51__5.43__337,2,M2,M2,2,,,test_medium_q2
53__5.42__667,2,M2,M2,2,,,test_medium_q2
55__5.50__754,2,M2,M3,2,,,test_medium_q2
60__5.86__639,1,M2,M2,2,,,test_medium_q2
64__5.90-91__92,2,M0,M2,2,,,test_medium_q2
66__5.92__91,1,M2,M2,2,,,test_medium_q2
71__5.100__702,1,M2,M2,2,,,test_medium_q2
72__3.36__775,2,M2,M3,2,,,test_medium_q2
74__5.72__703,1,M2,M2,2,,,test_medium_q2
78__5.60__83,2,M2,M2,2,,,test_medium_q2
91__5.70__727,2,M1,M2,2,,,test_medium_q2
92__2.8__453,2,M2,M2,2,,,test_medium_q2
94__5.73__170,1,M2,M2,2,,,test_medium_q2
95__8.23__785,1,M3,M3,2,not illegeible,,test_medium_q2
97__3.35__368,1,M2,M2,2,,,test_medium_q2
100__5.75__215,1,M2,M3,2,clash,,test_medium_q2
103__5.79__715,2,M0,M3,2,clash,"why M3 barry, why M0 eze?",test_medium_q2
106__5.81__189,2,M1,M2,2,,,test_medium_q2
109__5.10__521,2,M1,M3,2,clash,very poor contrast,test_medium_q2
114__2.9__315,1,M0,M2,2,clash,half of it is missing,test_medium_q2
116__5.261__207,2,M2,M2,2,,,test_medium_q2
120__5.263__127,2,M2,M3,2,,,test_medium_q2
123__5.66__218,2,M1,M3,2,clash,,test_medium_q2
127__5.102__502,2,M1,M2,2,,,test_medium_q2
128__8.24__796,2,M2,M3,2,,,test_medium_q2
129__8.25__619,2,M2,M2,2,,,test_medium_q2
136__5.231__242,2,M2,M3,2,,,test_medium_q2
143__2.23__327,2,M2,M2,2,,,test_medium_q2
149__4.18__311,2,M2,M2,2,,,test_medium_q2
158__5.103__711,2,M3,M2,2,,,test_medium_q2
159__5.95__332,2,M1,M2,2,,,test_medium_q2
161__3.19__42,1,M2,M2,2,,,test_medium_q2
163__8.27__800,2,M2,M2,2,,,test_medium_q2
168__5.107__71,2,M1,M2,2,,,test_medium_q2
169__3.38__469,2,M1,M2,2,,,test_medium_q2
183__3.11__286,2,M2,M2,2,,,test_medium_q2
184__3.13__443,2,M0,M2,2,"Why M0, eze?",,test_medium_q2
189__5.146__340,1,M2,M2,2,,,test_medium_q2
190__5.147__40,2,M1,M2,2,,,test_medium_q2
195__2.27__491,2,M1,M2,2,,,test_medium_q2
201__8.20__125,1,M2,M2,2,,,test_medium_q2
207__4.30__455,2,M3,M2,2,,,test_medium_q2
210__5.158__250,2,M3,M2,2,,,test_medium_q2
215__5.163__624,1,M2,M2,2,,,test_medium_q2
216__5.164__726,2,M3,M2,2,,,test_medium_q2
220__3.46__330,2,M1,M3,2,clash,,test_medium_q2
221__5.166__73,2,M1,M2,2,clash,,test_medium_q2
225__5.171__355,1,M2,M2,2,,,test_medium_q2
226__5.170__523,1,M2,M2,2,,,test_medium_q2
227__5.169__55,2,M2,M1,2,,,test_medium_q2
228__5.173__450,2,M1,M2,2,,,test_medium_q2
230__3.27__252,1,M3,M2,2,clash,,test_medium_q2
236__8.30__515,2,M2,M2,2,,,test_medium_q2
237__5.179__487,2,M1,M2,2,,,test_medium_q2
238__5.15__325,2,M2,M2,2,,,test_medium_q2
240__5.180__618,2,M2,M2,2,,,test_medium_q2
242__2.21__309,2,M1,M2,2,,,test_medium_q2
243__8.45__648,1,M2,M2,2,,,test_medium_q2
246__5.185__224,1,M2,M2,2,Top ligature vanished,,test_medium_q2
249__4.36__696,1,M0,M2,2,clash,,test_medium_q2
250__3.26__20,1,M2,M2,2,,,test_medium_q2
251__5.190__259,2,M2,M2,2,,,test_medium_q2
261__8.31__460,2,M1,M2,2,,,test_medium_q2
262__2.49__306,2,M2,M2,2,,,test_medium_q2
266__2.43__752,2,M2,M2,2,,,test_medium_q2
267__8.32__578,2,M2,M3,2,,,test_medium_q2
268__5.196-197__462,2,M1,M2,2,,,test_medium_q2
271__8.38__245,2,M1,M2,2,,,test_medium_q2
272__5.197__464,2,M1,M2,2,,,test_medium_q2
275__4.39__329,2,M0,M1,2,clash,"very poor contrast, why M0, eze?",test_medium_q2
277__5.209__256,2,M1,M2,2,,,test_medium_q2
279__5.203__463,2,M1,M2,2,,,test_medium_q2
281__5.204__646,1,M0,M2,2,clash,,test_medium_q2
284__8.41__477,1,M2,M2,2,,,test_medium_q2
285__2.44__59,1,M2,M2,2,top symbol broken,,test_medium_q2
286__5.209__256,2,M1,M2,2,,,test_medium_q2
287__5.213__468,2,M2,M2,2,,,test_medium_q2
288__4.14__74,1,M2,M2,2,"Right E not complete, bottom O partially broken",,test_medium_q2
294__2.58__339,2,M2,M2,2,,,test_medium_q2
295__5.217__442,2,M1,M2,2,,,test_medium_q2
296__5.218__172,2,M2,M2,2,,,test_medium_q2
297__8.43__520,2,M2,M2,2,,,test_medium_q2
298__5.225__323,2,M2,M2,2,,,test_medium_q2
300__5.219__676,3,M2,M2,2,,,test_medium_q2
301__5.222__147,2,M1,M2,2,,,test_medium_q2
303__5.224__197,2,M2,M2,2,,,test_medium_q2
304__3.6__449,1,M2,M2,2,,,test_medium_q2
306__3.46__330,2,M2,M2,2,,,test_medium_q2
308__3.33__320,2,M2,M2,2,,,test_medium_q2
311__3.40__288,2,M1,M1,2,,,test_medium_q2
314__2.54__52,2,M2,M2,2,,,test_medium_q2
316__5.256__701,2,M1,M2,2,,,test_medium_q2
318__5.259__4,1,M2,M2,2,,,test_medium_q2
319__8.26__81,2,M2,M2,2,,,test_medium_q2
323__8.34__472,2,M1,M2,2,,,test_medium_q2
326__5.201__149,2,M1,M2,2,,,test_medium_q2
327__8.35__530,2,M2,M2,2,,,test_medium_q2
328__5.202__380,2,M2,M1,2,,,test_medium_q2
330__5.18__470,2,M1,M2,2,,,test_medium_q2
332__8.37__631,2,M1,M2,2,,,test_medium_q2
333__2.6__38,2,M1,M2,2,,,test_medium_q2
336__3.32__333,2,M2,M2,2,,,test_medium_q2
337__7.17__697,2,M1,M3,2,clash,,test_medium_q2
338__8.46__457,3,M2,M2,2,,,test_medium_q2
339__5.260__637,2,M2,M0,2,,,test_medium_q2
IV__5.159__318,2,M2,M2,2,,,test_medium_q2
V__8.38__245,2,M2,M2,2,,,test_medium_q2
VIII__5.178__190,2,M2,M2,2,,,test_medium_q2
IX__4.19__326,3,M2,M2,2,,,test_medium_q2
XII__7.8__201,1,M2,M2,2,,,test_medium_q2
